"","k_sq","df","p"
"Bartlett's K-squared",2.4518228799873,1,0.117388473956849
