"","group1","vars","n","mean","sd","median","min","max","range","se"
"1","All",1,100,1.11620877432079,0.139536858611686,1.11798136261209,0.67103648752706,1.52528365005172,0.85424716252466,0.0139536858611686
"2","A",1,44,1.11072270780801,0.157065996407373,1.10677797363641,0.67103648752706,1.52528365005172,0.85424716252466,0.023678589882117
"3","B",1,56,1.12051925515226,0.125366366881324,1.13263170868006,0.870835138012778,1.39727228525091,0.526437147238134,0.016752785453376
