"","Group","W","p"
"1","All",0.991810888558251,0.807362119937334
"2","A",0.984055578912955,0.794176923660631
"3","B",0.984228675001082,0.673225347219038
