"","t","df","p","CI_lower","CI_upper","method","Cohen_D"
"t",-0.337745430975522,80.962726227881,0.736429180596925,-0.0675092223877297,0.0479161276992131,"Welch Two Sample t-test",-0.050926665188163
